{
    "accuracy": 1.1888013780381945,
    "loss": 35.177835174810106
}