{
    "accuracy": 1.2040609565330813,
    "loss": 35.63057711503216
}