{
    "accuracy": 1.392445655703916,
    "loss": 41.27354071073443
}