{
    "accuracy": 1.1893031246070427,
    "loss": 35.187205321766506
}