{
    "accuracy": 0.5780958533287048,
    "loss": 0.01834116581643078
}