{
    "MSE": 0.1151396781206131,
    "loss": 0.000554904396267375
}