{
    "accuracy": 0.8297169208526611,
    "loss": 0.028110336253493504
}