{
    "accuracy": 0.5121790766716003,
    "loss": 0.014707149919801547
}