{
    "MSE": 0.39698392152786255,
    "loss": 0.009374835412018001
}