{
    "MSE": 0.11955465376377106,
    "loss": 0.000593591761571588
}