{
    "accuracy": 1.0940146446228027,
    "loss": 0.040218019392341375
}