{
    "accuracy": 0.2167929708957672,
    "loss": 0.001751606323523447
}