{
    "accuracy": 0.46300074458122253,
    "loss": 0.009482857945840806
}