{
    "accuracy": 0.8205655217170715,
    "loss": 0.02782644506187013
}